hour,temperature
0,25.42
1,25.69
2,28.41
3,29.96
4,32.81
5,33.48
6,34.44
7,31.79
8,32.04
9,29.64
10,28.59
11,27.57
12,24.1
13,22.59
14,22.06
15,20.13
16,17.93
17,18.28
18,18.71
19,16.62
20,19.86
21,20.85
22,21.47
23,22.89
24,27.41
25,27.66
26,28.9
27,30.61
28,34.18
29,34.29
30,35.22
31,34.75
32,33.42
33,33.5
34,30.1
35,28.73
36,27.53
37,24.87
38,23.71
39,21.24
40,20.4
41,17.66
42,17.98
43,18.47
44,18.68
45,20.45
46,21.76
47,24.26
48,27.44
49,28.74
50,30.72
51,31.94
52,33.42
53,36.27
54,35.71
55,35.36
56,33.29
57,33.73
58,30.41
59,29.17
60,28.97
61,25.89
62,23.75
63,22.51
64,21.75
65,20.79
66,18.91
67,18.63
68,20.31
69,21.48
70,23.0
71,27.16
72,29.07
73,29.49
74,32.48
75,33.39
76,36.25
77,35.72
78,35.44
79,35.15
80,35.33
81,33.19
82,32.53
83,31.58
84,28.04
85,25.47
86,25.9
87,22.81
88,20.32
89,19.42
90,19.36
91,21.22
92,22.54
93,22.74
94,23.35
95,26.26
96,30.2
97,30.9
98,34.19
99,35.54
100,34.29
101,37.25
102,37.43
103,36.75
104,35.17
105,35.05
106,31.83
107,30.89
108,28.91
109,28.36
110,26.22
111,22.75
112,22.22
113,20.48
114,22.43
115,22.6
116,21.71
117,24.02
118,25.61
119,26.2
120,30.12
121,31.54
122,34.21
123,35.14
124,34.84
125,36.63
126,36.01
127,38.49
128,37.56
129,36.16
130,32.95
131,30.29
132,30.7
133,28.86
134,24.36
135,23.92
136,21.42
137,22.71
138,22.47
139,20.84
140,22.7
141,24.21
142,25.02
143,28.79
144,29.52
145,30.97
146,33.9
147,36.14
148,35.84
149,36.98
150,39.32
151,38.02
152,36.59
153,35.57
154,32.73
155,31.13
156,29.4
157,28.09
158,25.1
159,23.42
160,21.71
161,22.6
162,21.13
163,23.43
164,24.1
165,23.01
166,25.18
167,28.4
168,29.12
169,30.94
170,35.29
171,35.85
172,36.83
173,38.57
174,38.92
175,36.79
176,35.72
177,35.45
178,33.77
179,31.97
180,30.69
181,28.45
182,27.45
183,23.14
184,22.78
185,21.79
186,23.08
187,21.51
188,22.13
189,24.17
190,25.75
191,27.24
192,29.22
193,33.31
194,33.79
195,36.7
196,37.03
197,36.32
198,39.44
199,38.67
200,38.26
201,36.85
202,34.95
203,30.97
204,29.85
205,26.95
206,25.57
207,22.88
208,22.56
209,23.57
210,21.13
211,22.94
212,22.74
213,23.91
214,27.15
215,29.18
216,29.92
217,32.47
218,32.69
219,34.76
220,38.03
221,37.65
222,37.79
223,38.12
224,35.24
225,35.53
226,33.61
227,32.71
228,28.54
229,28.86
230,24.27
231,22.91
232,22.85
233,22.27
234,20.66
235,20.57
236,23.66
237,22.98
238,25.66
239,27.64
240,29.09
241,31.63
242,33.35
243,36.22
244,35.28
245,37.59
246,36.41
247,36.58
248,36.59
249,34.18
250,32.54
251,31.9
252,27.76
253,26.82
254,26.49
255,24.8
256,20.73
257,20.33
258,20.18
259,22.43
260,23.04
261,24.28
262,24.38
263,25.65
264,29.72
265,31.37
266,32.99
267,35.75
268,35.99
269,34.82
270,37.49
271,35.63
272,35.89
273,35.42
274,31.31
275,29.29
276,27.17
277,26.4
278,23.6
279,22.9
280,21.94
281,19.56
282,20.55
283,19.68
284,21.12
285,23.6
286,25.05
287,24.68
288,27.71
289,29.3
290,30.38
291,34.3
292,35.14
293,34.77
294,36.45
295,35.57
296,34.36
297,31.8
298,30.3
299,30.76
300,28.71
301,25.53
302,24.43
303,21.98
304,19.36
305,18.46
306,18.69
307,20.7
308,21.15
309,22.58
310,24.31
311,24.13
312,26.28
313,27.87
314,31.79
315,33.72
316,33.52
317,34.92
318,33.76
319,35.77
320,34.73
321,33.75
322,31.56
323,29.8
324,25.12
325,25.14
326,21.96
327,22.06
328,20.36
329,19.7
330,19.23
331,17.82
332,20.14
333,19.33
334,23.24
335,25.09
336,25.21
337,29.02
338,29.83
339,30.98
340,33.68
341,32.74
342,32.35
343,32.55
344,32.11
345,32.4
346,31.01
347,26.97
348,25.95
349,23.11
350,22.88
351,19.84
352,19.74
353,16.42
354,18.67
355,16.53
356,19.63
357,18.77
358,19.91
359,22.78
360,25.69
361,26.47
362,29.23
363,30.56
364,31.41
365,32.74
366,32.0
367,33.05
368,30.08
369,31.54
370,28.68
371,27.25
372,25.2
373,22.88
374,19.98
375,17.4
376,17.87
377,16.02
378,15.66
379,17.49
380,17.86
381,17.83
382,19.47
383,21.66
384,23.67
385,25.38
386,26.76
387,29.25
388,32.04
389,32.01
390,32.91
391,31.74
392,29.95
393,29.38
394,26.04
395,24.93
396,23.24
397,21.58
398,19.84
399,17.57
400,16.19
401,14.66
402,15.13
403,16.64
404,17.09
405,16.44
406,17.8
407,20.98
408,23.37
409,24.5
410,27.84
411,29.26
412,30.25
413,29.67
414,29.83
415,28.99
416,28.82
417,28.2
418,27.63
419,23.33
420,22.24
421,20.78
422,17.51
423,17.32
424,15.41
425,13.82
426,14.74
427,13.03
428,16.03
429,17.32
430,16.95
431,19.8
432,21.09
433,25.47
434,26.04
435,26.26
436,28.1
437,30.66
438,29.72
439,30.45
440,29.22
441,28.87
442,26.01
443,25.11
444,22.83
445,19.89
446,18.25
447,15.92
448,15.59
449,13.91
450,14.66
451,14.44
452,14.4
453,14.99
454,16.58
455,19.66
456,22.08
457,23.39
458,25.61
459,26.18
460,26.83
461,28.23
462,28.43
463,28.27
464,28.11
465,25.61
466,24.2
467,23.63
468,21.57
469,17.55
470,16.63
471,15.35
472,13.67
473,12.22
474,12.57
475,14.27
476,14.08
477,15.67
478,17.78
479,19.42
480,20.31
481,21.24
482,24.18
483,27.02
484,28.57
485,29.65
486,28.3
487,29.0
488,27.57
489,26.45
490,23.63
491,21.68
492,20.24
493,16.93
494,15.91
495,15.26
496,13.15
497,11.62
498,12.23
499,11.47
500,13.74
501,13.21
502,15.95
503,18.38
504,18.83
505,22.73
506,23.13
507,25.75
508,25.77
509,27.55
510,27.31
511,27.37
512,27.86
513,25.43
514,24.88
515,23.18
516,19.37
517,16.78
518,14.65
519,14.55
520,14.65
521,11.89
522,12.51
523,13.17
524,13.58
525,15.15
526,17.39
527,17.06
528,18.59
529,21.05
530,22.9
531,26.18
532,27.13
533,26.89
534,28.61
535,28.53
536,25.93
537,25.98
538,24.74
539,20.91
540,20.96
541,19.32
542,14.83
543,12.92
544,12.51
545,12.81
546,13.38
547,11.97
548,13.73
549,13.09
550,16.59
551,18.33
552,18.83
553,22.92
554,25.09
555,26.0
556,25.84
557,29.23
558,28.91
559,27.34
560,26.79
561,25.35
562,24.11
563,21.69
564,21.16
565,19.01
566,14.94
567,15.86
568,13.63
569,13.42
570,12.79
571,12.26
572,13.97
573,15.95
574,15.53
575,19.09
576,20.36
577,22.28
578,24.08
579,26.64
580,26.53
581,29.1
582,29.32
583,26.84
584,28.44
585,25.27
586,24.29
587,22.82
588,20.07
589,16.97
590,17.52
591,13.88
592,12.71
593,13.69
594,12.07
595,13.98
596,14.26
597,14.28
598,15.16
599,19.92
600,19.43
601,23.42
602,24.68
603,27.17
604,28.26
605,28.95
606,28.78
607,29.44
608,26.56
609,25.7
610,25.48
611,22.42
612,21.2
613,18.83
614,17.1
615,15.15
616,14.87
617,12.85
618,13.72
619,12.73
620,13.5
621,14.4
622,16.3
623,18.04
624,21.39
625,24.17
626,24.4
627,26.18
628,28.28
629,29.83
630,30.89
631,29.3
632,27.8
633,26.02
634,24.67
635,22.88
636,20.69
637,18.16
638,17.82
639,15.42
640,16.28
641,14.25
642,14.45
643,13.04
644,16.1
645,16.27
646,19.11
647,20.18
648,21.97
649,23.99
650,25.19
651,26.48
652,30.46
653,29.9
654,31.24
655,29.74
656,28.0
657,28.43
658,25.09
659,23.48
660,22.69
661,19.88
662,20.06
663,15.81
664,16.52
665,15.28
666,15.6
667,14.22
668,15.95
669,17.04
670,18.72
671,21.94
672,24.44
673,24.49
674,27.41
675,29.07
676,30.78
677,32.24
678,30.33
679,30.11
680,30.7
681,27.96
682,26.39
683,24.21
684,21.96
685,21.28
686,19.82
687,17.3
688,15.89
689,16.56
690,16.31
691,15.88
692,17.42
693,19.45
694,20.74
695,22.22
696,24.44
697,27.37
698,27.82
699,29.88
700,31.5
701,33.13
702,33.2
703,30.7
704,30.23
705,29.43
706,29.14
707,26.71
708,23.84
709,21.32
710,21.13
711,19.55
712,19.05
713,16.97
714,16.72
715,15.8
716,16.52
717,19.01
718,20.38
719,22.14
720,23.77
721,28.5
722,30.1
723,31.01
724,33.46
725,34.44
726,33.78
727,32.34
728,30.9
729,31.82
730,29.35
731,28.0
732,26.77
733,22.54
734,21.87
735,20.4
736,18.74
737,16.79
738,17.33
739,17.6
740,19.45
741,21.33
742,21.44
743,24.51
744,25.4
745,29.49
746,31.07
747,31.97
748,33.0
749,33.42
750,33.76
751,35.47
752,33.02
753,32.12
754,31.93
755,29.05
756,26.67
757,24.26
758,21.69
759,20.6
760,20.55
761,19.4
762,19.57
763,18.22
764,20.09
765,22.54
766,22.77
767,25.52
768,25.9
769,30.56
770,31.44
771,32.03
772,33.1
773,35.11
774,35.43
775,33.82
776,35.75
777,34.28
778,31.31
779,28.39
780,28.5
781,25.46
782,24.23
783,21.98
784,20.04
785,20.96
786,21.16
787,19.26
788,21.02
789,21.83
790,25.13
791,25.86
792,29.08
793,31.14
794,31.34
795,34.57
796,34.75
797,37.14
798,36.17
799,36.87
800,34.49
801,33.3
802,32.54
803,31.88
804,28.31
805,25.25
806,24.53
807,22.32
808,21.7
809,20.91
810,20.4
811,20.3
812,20.73
813,23.56
814,24.87
815,25.82
816,29.54
817,29.45
818,33.51
819,35.07
820,36.69
821,36.24
822,37.38
823,37.6
824,37.31
825,34.61
826,31.6
827,31.1
828,29.32
829,28.11
830,26.22
831,23.28
832,22.29
833,21.31
834,21.86
835,21.22
836,22.78
837,22.57
838,25.19
839,28.65
840,28.85
841,32.0
842,33.82
843,36.11
844,37.4
845,38.24
846,37.1
847,36.65
848,37.08
849,35.95
850,34.65
851,30.23
852,28.27
853,27.91
854,26.87
855,25.45
856,23.45
857,21.73
858,20.46
859,22.36
860,23.89
861,23.89
862,26.31
863,28.88
864,28.39
865,32.73
866,33.16
867,35.08
868,35.67
869,37.64
870,38.03
871,38.45
872,35.79
873,34.26
874,34.98
875,32.31
876,29.11
877,29.07
878,24.84
879,24.14
880,22.26
881,21.47
882,20.47
883,23.13
884,24.23
885,24.83
886,24.94
887,27.72
888,29.51
889,32.31
890,34.4
891,35.41
892,36.17
893,38.75
894,37.09
895,37.38
896,36.87
897,34.87
898,34.22
899,32.29
900,31.48
901,27.31
902,27.43
903,24.82
904,22.39
905,22.47
906,22.55
907,23.0
908,21.71
909,24.65
910,25.97
911,29.12
912,29.33
913,32.93
914,34.28
915,35.17
916,37.29
917,38.04
918,38.47
919,38.32
920,37.33
921,36.59
922,34.29
923,33.18
924,30.33
925,27.24
926,25.69
927,24.44
928,23.62
929,20.88
930,21.21
931,22.83
932,21.91
933,23.03
934,25.9
935,29.11
936,29.85
937,33.05
938,34.72
939,34.64
940,37.6
941,37.36
942,38.59
943,38.12
944,36.08
945,34.12
946,34.99
947,30.58
948,30.97
949,28.56
950,26.2
951,25.3
952,23.97
953,22.66
954,21.05
955,22.58
956,21.03
957,23.85
958,25.24
959,27.8
960,29.85
961,31.63
962,34.25
963,36.24
964,34.99
965,36.15
966,35.77
967,38.05
968,36.26
969,36.02
970,32.26
971,29.83
972,30.02
973,28.18
974,24.4
975,23.03
976,20.93
977,22.52
978,20.3
979,21.11
980,20.69
981,24.31
982,23.68
983,26.54
984,29.23
985,31.49
986,33.99
987,34.04
988,36.25
989,35.26
990,36.28
991,35.03
992,35.37
993,33.82
994,33.76
995,29.05
996,27.96
997,26.07
998,25.63
999,23.66
1000,20.08
1001,21.01
1002,20.28
1003,21.82
1004,20.73
1005,22.08
1006,23.08
1007,24.77
1008,28.98
1009,29.84
1010,32.36
1011,33.91
1012,35.02
1013,34.05
1014,36.58
1015,34.64
1016,33.46
1017,33.46
1018,30.28
1019,30.4
1020,26.62
1021,24.54
1022,24.53
1023,21.21
1024,19.36
1025,20.78
1026,17.78
1027,20.58
1028,19.2
1029,20.39
1030,22.37
1031,24.03
1032,27.52
1033,27.64
1034,29.5
1035,33.44
1036,33.02
1037,34.03
1038,33.81
1039,33.14
1040,34.36
1041,32.4
1042,31.36
1043,28.59
1044,27.38
1045,24.47
1046,21.29
1047,20.77
1048,20.79
1049,17.24
1050,19.14
1051,19.63
1052,19.35
1053,20.38
1054,23.52
1055,22.69
1056,25.98
1057,27.77
1058,30.51
1059,31.54
1060,34.03
1061,32.27
1062,32.52
1063,33.79
1064,31.32
1065,30.63
1066,30.01
1067,27.78
1068,25.0
1069,24.89
1070,21.53
1071,19.6
1072,18.74
1073,16.38
1074,17.87
1075,18.55
1076,18.7
1077,20.28
1078,21.75
1079,22.12
1080,24.85
1081,26.21
1082,28.43
1083,30.39
1084,31.5
1085,31.29
1086,32.52
1087,32.92
1088,31.2
1089,29.22
1090,29.83
1091,25.29
1092,25.47
1093,21.14
1094,19.18
1095,19.41
1096,18.31
1097,16.7
1098,16.48
1099,16.63
1100,16.69
1101,17.3
1102,19.61
1103,22.43
1104,24.71
1105,27.09
1106,28.54
1107,30.89
1108,31.02
1109,31.03
1110,31.94
1111,30.53
1112,31.02
1113,28.41
1114,26.36
1115,26.6
1116,23.06
1117,22.13
1118,19.59
1119,18.6
1120,17.4
1121,16.95
1122,16.16
1123,15.78
1124,16.63
1125,16.01
1126,20.33
1127,21.92
1128,22.27
1129,24.04
1130,27.5
1131,27.93
1132,29.26
1133,29.01
1134,31.84
1135,30.62
1136,29.28
1137,27.2
1138,26.98
1139,23.2
1140,23.24
1141,19.54
1142,18.18
1143,16.25
1144,15.03
1145,15.25
1146,15.11
1147,14.72
1148,14.03
1149,15.17
1150,17.1
1151,20.38
1152,22.58
1153,23.41
1154,26.48
1155,27.57
1156,28.68
1157,28.93
1158,30.62
1159,28.39
1160,28.5
1161,26.76
1162,26.26
1163,23.72
1164,22.16
1165,18.19
1166,17.28
1167,16.2
1168,13.12
1169,13.17
1170,12.6
1171,12.62
1172,13.74
1173,15.2
1174,15.87
1175,19.98
1176,20.31
1177,22.97
1178,25.84
1179,26.86
1180,29.1
1181,29.79
1182,27.83
1183,29.9
1184,26.62
1185,25.25
1186,26.27
1187,24.14
1188,21.18
1189,19.08
1190,17.53
1191,14.98
1192,12.77
1193,11.67
1194,12.28
1195,13.96
1196,14.19
1197,16.08
1198,17.97
1199,17.39
1200,21.7
1201,21.95
1202,24.89
1203,26.33
1204,27.2
1205,27.72
1206,28.06
1207,27.75
1208,26.44
1209,26.18
1210,23.31
1211,22.55
1212,21.65
1213,17.89
1214,17.08
1215,15.68
1216,14.38
1217,11.83
1218,11.27
1219,11.68
1220,13.68
1221,15.41
1222,16.74
1223,17.22
1224,21.06
1225,22.28
1226,24.98
1227,26.64
1228,26.97
1229,29.18
1230,28.36
1231,28.29
1232,27.45
1233,26.89
1234,24.51
1235,21.14
1236,18.81
1237,17.86
1238,15.5
1239,13.75
1240,11.82
1241,12.36
1242,11.49
1243,12.18
1244,11.79
1245,15.38
1246,14.77
1247,19.05
1248,21.09
1249,22.44
1250,24.04
1251,25.56
1252,27.1
1253,28.61
1254,29.19
1255,27.58
1256,27.86
1257,26.11
1258,23.47
1259,22.0
1260,18.95
1261,16.62
1262,14.81
1263,15.54
1264,12.61
1265,12.92
1266,12.02
1267,11.3
1268,12.33
1269,14.17
1270,15.84
1271,18.02
1272,19.0
1273,21.72
1274,23.39
1275,25.43
1276,26.49
1277,28.08
1278,28.93
1279,28.24
1280,25.7
1281,24.52
1282,24.63
1283,21.52
1284,20.78
1285,18.52
1286,17.35
1287,15.6
1288,12.72
1289,12.68
1290,11.09
1291,12.0
1292,14.67
1293,15.14
1294,15.89
1295,18.45
1296,21.56
1297,21.76
1298,23.9
1299,26.82
1300,28.17
1301,28.55
1302,29.32
1303,28.79
1304,27.85
1305,26.12
1306,24.84
1307,22.26
1308,20.02
1309,17.97
1310,15.51
1311,13.97
1312,14.92
1313,12.76
1314,11.72
1315,11.75
1316,12.39
1317,15.98
1318,15.43
1319,19.39
1320,21.68
1321,23.91
1322,23.33
1323,25.9
1324,28.49
1325,27.4
1326,28.44
1327,27.54
1328,28.78
1329,27.35
1330,25.83
1331,22.0
1332,20.77
1333,18.64
1334,17.54
1335,14.59
1336,13.96
1337,12.71
1338,13.86
1339,13.26
1340,14.34
1341,14.97
1342,18.15
1343,19.09
1344,22.29
1345,22.99
1346,26.68
1347,28.48
1348,28.22
1349,28.51
1350,29.11
1351,29.31
1352,29.85
1353,28.17
1354,26.49
1355,22.61
1356,20.9
1357,20.04
1358,18.84
1359,16.26
1360,13.67
1361,15.13
1362,14.91
1363,13.52
1364,15.78
1365,15.62
1366,19.21
1367,18.9
1368,21.87
1369,25.51
1370,25.3
1371,27.68
1372,28.68
1373,28.55
1374,28.94
1375,30.05
1376,28.49
1377,29.53
1378,26.05
1379,23.12
1380,23.79
1381,21.48
1382,19.03
1383,17.83
1384,14.64
1385,14.32
1386,15.72
1387,15.63
1388,14.8
1389,17.81
1390,18.73
1391,19.37
1392,21.7
1393,24.34
1394,28.05
1395,28.89
1396,30.74
1397,30.98
1398,30.04
1399,30.34
1400,29.62
1401,27.63
1402,27.13
1403,26.37
1404,23.33
1405,20.26
1406,20.75
1407,18.21
1408,15.24
1409,15.98
1410,14.93
1411,14.95
1412,16.65
1413,18.52
1414,19.1
1415,21.6
1416,24.45
1417,24.83
1418,29.47
1419,28.45
1420,31.14
1421,31.92
1422,33.68
1423,32.15
1424,30.9
1425,29.91
1426,28.8
1427,27.95
1428,23.74
1429,21.0
1430,21.43
1431,18.49
1432,18.42
1433,17.35
1434,17.55
1435,17.76
1436,17.39
1437,17.85
1438,21.05
1439,23.83
1440,24.03
1441,27.95
1442,28.98
1443,31.37
1444,32.5
1445,33.88
1446,31.95
1447,33.86
1448,32.15
1449,30.43
1450,28.07
1451,26.65
1452,24.15
1453,24.8
1454,21.66
1455,21.46
1456,18.9
1457,17.27
1458,18.54
1459,17.17
1460,18.51
1461,21.1
1462,23.05
1463,23.42
1464,24.91
1465,27.76
1466,31.29
1467,32.55
1468,34.32
1469,33.64
1470,35.72
1471,34.05
1472,33.3
1473,33.35
1474,30.52
1475,29.48
1476,27.23
1477,23.25
1478,22.94
1479,21.98
1480,19.92
1481,18.49
1482,17.53
1483,19.59
1484,19.36
1485,21.56
1486,22.73
1487,25.49
1488,26.59
1489,27.77
1490,32.22
1491,32.37
1492,35.61
1493,34.28
1494,36.71
1495,36.38
1496,33.0
1497,33.46
1498,31.01
1499,30.44
1500,28.04
1501,26.83
1502,22.5
1503,22.28
1504,21.57
1505,18.56
1506,18.42
1507,20.87
1508,20.47
1509,21.82
1510,24.07
1511,26.15
1512,28.48
1513,31.39
1514,31.63
1515,34.49
1516,35.23
1517,35.93
1518,35.84
1519,36.36
1520,34.39
1521,32.74
1522,32.99
1523,30.38
1524,28.01
1525,26.49
1526,23.7
1527,22.07
1528,21.38
1529,22.27
1530,19.89
1531,22.09
1532,21.64
1533,21.84
1534,25.72
1535,26.47
1536,29.91
1537,30.65
1538,31.54
1539,35.0
1540,36.79
1541,36.04
1542,36.43
1543,35.34
1544,35.99
1545,35.8
1546,34.05
1547,31.73
1548,30.33
1549,27.41
1550,25.98
1551,23.49
1552,21.08
1553,20.54
1554,20.11
1555,22.36
1556,20.89
1557,23.77
1558,24.89
1559,28.15
1560,29.49
1561,31.76
1562,32.13
1563,34.48
1564,37.84
1565,37.82
1566,37.53
1567,38.01
1568,37.39
1569,33.89
1570,34.95
1571,32.05
1572,29.42
1573,28.06
1574,25.14
1575,25.1
1576,23.55
1577,22.34
1578,20.71
1579,23.35
1580,22.57
1581,25.29
1582,24.39
1583,26.54
1584,28.71
1585,30.83
1586,33.25
1587,36.08
1588,36.27
1589,38.87
1590,39.01
1591,38.61
1592,36.03
1593,35.92
1594,34.02
1595,30.83
1596,29.3
1597,27.93
1598,25.92
1599,23.27
1600,24.32
1601,21.17
1602,22.41
1603,22.88
1604,23.34
1605,25.33
1606,26.15
1607,28.87
1608,28.56
1609,30.68
1610,34.41
1611,35.87
1612,37.37
1613,38.52
1614,37.74
1615,38.14
1616,36.92
1617,36.04
1618,33.37
1619,33.44
1620,29.95
1621,28.84
1622,26.55
1623,23.73
1624,21.79
1625,20.95
1626,21.81
1627,22.22
1628,22.17
1629,24.65
1630,25.42
1631,28.56
1632,30.68
1633,33.12
1634,35.39
1635,34.51
1636,36.49
1637,37.86
1638,37.4
1639,37.56
1640,36.15
1641,34.82
1642,32.7
1643,31.34
1644,29.54
1645,28.16
1646,25.12
1647,25.3
1648,21.9
1649,21.6
1650,22.06
1651,21.53
1652,23.67
1653,24.13
1654,25.83
1655,27.69
1656,29.18
1657,30.38
1658,35.06
1659,35.39
1660,38.03
1661,36.56
1662,37.23
1663,36.03
1664,36.55
1665,36.42
1666,34.07
1667,31.57
1668,29.68
1669,28.52
1670,25.32
1671,25.0
1672,23.25
1673,22.54
1674,21.05
1675,21.41
1676,22.7
1677,22.82
1678,25.53
1679,26.0
1680,29.34
1681,32.17
1682,32.62
1683,36.39
1684,36.71
1685,35.8
1686,38.62
1687,36.58
1688,36.96
1689,34.29
1690,34.41
1691,31.91
1692,28.14
1693,26.98
1694,24.99
1695,21.95
1696,20.92
1697,20.68
1698,20.81
1699,21.0
1700,22.22
1701,23.19
1702,24.26
1703,27.01
1704,27.7
1705,32.23
1706,33.37
1707,33.68
1708,35.03
1709,37.28
1710,36.63
1711,36.86
1712,34.8
1713,35.05
1714,32.02
1715,30.97
1716,29.79
1717,26.49
1718,25.17
1719,23.27
1720,21.85
1721,19.03
1722,20.07
1723,21.79
1724,22.0
1725,23.22
1726,24.24
1727,26.57
1728,28.19
1729,28.99
1730,32.25
1731,33.85
1732,35.75
1733,34.43
1734,36.27
1735,34.01
1736,35.92
1737,32.1
1738,30.13
1739,29.05
1740,26.45
1741,25.96
1742,23.16
1743,22.55
1744,21.68
1745,20.7
1746,19.98
1747,18.19
1748,19.18
1749,20.62
1750,22.59
1751,25.49
1752,27.11
1753,28.51
1754,29.97
1755,33.81
1756,33.33
1757,34.12
1758,35.61
1759,35.14
1760,34.07
1761,32.91
1762,30.96
1763,27.73
1764,25.78
1765,24.61
1766,21.64
1767,22.18
1768,18.84
1769,17.98
1770,17.42
1771,19.14
1772,18.73
1773,20.06
1774,23.43
1775,24.9
1776,25.36
1777,26.93
1778,30.48
1779,31.21
1780,34.24
1781,34.51
1782,35.15
1783,34.38
1784,32.0
1785,30.67
1786,30.25
1787,27.18
1788,25.35
1789,22.68
1790,21.37
1791,18.84
1792,18.54
1793,18.88
1794,17.85
1795,16.4
1796,18.59
1797,19.73
1798,20.31
1799,23.48
1800,25.09
1801,27.44
1802,27.57
1803,30.27
1804,32.41
1805,31.31
1806,33.55
1807,30.94
1808,31.73
1809,31.55
1810,28.28
1811,27.9
1812,25.61
1813,22.3
1814,19.49
1815,20.08
1816,16.84
1817,16.97
1818,17.44
1819,15.22
1820,17.43
1821,18.54
1822,20.72
1823,23.24
1824,25.2
1825,25.01
1826,29.02
1827,28.52
1828,31.98
1829,32.97
1830,31.4
1831,31.38
1832,31.86
1833,30.62
1834,28.82
1835,26.7
1836,21.98
1837,21.55
1838,18.19
1839,19.12
1840,15.72
1841,16.99
1842,15.34
1843,15.42
1844,17.51
1845,18.48
1846,18.95
1847,20.01
1848,21.8
1849,23.98
1850,26.76
1851,27.78
1852,28.79
1853,31.21
1854,31.6
1855,30.62
1856,30.35
1857,27.3
1858,27.64
1859,25.8
1860,23.48
1861,20.44
1862,17.19
1863,17.24
1864,14.48
1865,13.51
1866,13.75
1867,13.76
1868,14.56
1869,15.72
1870,18.89
1871,21.39
1872,21.47
1873,24.77
1874,24.53
1875,28.07
1876,29.43
1877,28.3
1878,28.71
1879,28.97
1880,28.43
1881,27.42
1882,26.91
1883,24.37
1884,21.09
1885,18.4
1886,18.84
1887,15.29
1888,14.94
1889,12.93
1890,12.37
1891,12.67
1892,15.22
1893,16.03
1894,17.09
1895,19.39
1896,21.2
1897,23.44
1898,25.72
1899,26.01
1900,27.34
1901,29.63
1902,30.23
1903,27.56
1904,27.83
1905,27.3
1906,23.74
1907,23.24
1908,19.64
1909,19.0
1910,16.92
1911,15.44
1912,12.88
1913,12.59
1914,12.87
1915,11.9
1916,12.95
1917,15.33
1918,15.49
1919,18.65
1920,21.6
1921,22.58
1922,24.67
1923,26.13
1924,26.19
1925,28.18
1926,29.47
1927,28.92
1928,27.12
1929,27.09
1930,25.21
1931,22.76
1932,19.07
1933,17.88
1934,15.09
1935,16.21
1936,14.74
1937,11.33
1938,13.63
1939,11.18
1940,13.1
1941,15.44
1942,17.07
1943,19.62
1944,20.68
1945,22.06
1946,25.7
1947,25.51
1948,28.23
1949,29.13
1950,27.8
1951,28.43
1952,27.56
1953,25.91
1954,24.59
1955,21.73
1956,19.14
1957,18.14
1958,16.18
1959,15.11
1960,12.32
1961,10.85
1962,10.63
1963,11.72
1964,13.64
1965,14.52
1966,16.13
1967,18.93
1968,19.27
1969,21.63
1970,23.35
1971,26.98
1972,27.62
1973,26.58
1974,28.94
1975,27.49
1976,27.73
1977,26.81
1978,22.55
1979,21.19
1980,18.8
1981,16.53
1982,16.29
1983,14.95
1984,11.72
1985,13.0
1986,11.71
1987,11.48
1988,12.24
1989,15.45
1990,14.69
1991,17.96
1992,19.4
1993,23.05
1994,24.73
1995,25.16
1996,27.27
1997,28.3
1998,27.52
1999,27.2
